id_berkas,sep,peserta,no_kartu,faskes,kode_faskes,periode,sesi_ditagih,nilai_klaim
VA-ASL-01,0901R0140826V441903,Hartono Wijaya,0001482215736,RS Melati Sehat,0901R014,Agustus 2026,8,1658400
VA-ASL-02,0901R0410826V452118,Sri Handayani,0001390447182,RSU Bakti Mulia,0901R041,Agustus 2026,8,1658400
VA-ASL-03,0901R0270826V463370,Agus Pratama,0002218390455,RS Cipta Medika,0901R027,Agustus 2026,6,1243800
VA-ASL-04,0901R0140826V471026,Marlina Siregar,0001125590318,RS Melati Sehat,0901R014,Agustus 2026,8,1658400
VA-KMB-00,0901R0140826V447215,Siti Rahmawati,0001367702249,RS Melati Sehat,0901R014,Agustus 2026,8,1658400
VA-KMB-01,0901R0140826V578778,Budi Santoso,0001508831967,RS Melati Sehat,0901R014,Agustus 2026,8,1658400
VA-KMB-02,0901R0140926V612004,Siti Rahmawati,0001367702249,RS Melati Sehat,0901R014,September 2026,8,1658400
VA-KMB-03,0901R0410826V455640,Yuliana Kusuma,0001772034518,RSU Bakti Mulia,0901R041,Agustus 2026,8,1658400
VA-DST-01,0901R0140826V583301,Ratna Kusuma,0001611903327,RS Melati Sehat,0901R014,Agustus 2026,8,1658400
VA-DST-02,0901R0270826V590117,Bambang Nugroho,0002304418862,RS Cipta Medika,0901R027,Agustus 2026,8,1658400
VA-DST-03,0901R0410826V598845,Kartini Lestari,0001457720913,RSU Bakti Mulia,0901R041,Agustus 2026,8,1658400
VA-AI-01,0901R0140826V601552,Joko Prasetyo,0001829934470,RS Melati Sehat,0901R014,Agustus 2026,8,1658400
VA-AI-02,0901R0270826V604410,Dewi Anggraini,0002117765093,RS Cipta Medika,0901R027,Agustus 2026,8,1658400
VA-AI-03,0901R0410826V607763,Rudi Hidayat,0001690042275,RSU Bakti Mulia,0901R041,Agustus 2026,8,1658400
VA-BRM-01,0901R0140826V589920,Dewi Lestari,0001278853160,RS Melati Sehat,0901R014,Agustus 2026,8,1658400
VA-BRM-02,0901R0270826V592271,Fajar Maulana,0002450019786,RS Cipta Medika,0901R027,Agustus 2026,8,1658400
VA-BRM-03,0901R0410826V595583,Nurhayati,0001334478025,RSU Bakti Mulia,0901R041,Agustus 2026,8,1658400
VA-OK-01,0901R0140826V700131,Nadia Permatasari,0001500000419,RS Melati Sehat,0901R014,Agustus 2026,8,1658400
VA-OK-02,0901R0270826V700262,Arman Saputra,0001500000838,RS Cipta Medika,0901R027,Agustus 2026,8,1658400
VA-OK-03,0901R0410826V700393,Lilis Wulandari,0001500001257,RSU Bakti Mulia,0901R041,Agustus 2026,8,1658400
VA-OK-04,0901R0140826V700524,Farhan Maulana,0001500001676,RS Melati Sehat,0901R014,Agustus 2026,8,1658400
VA-OK-05,0901R0270826V700655,Diah Puspitasari,0001500002095,RS Cipta Medika,0901R027,Agustus 2026,6,1243800
VA-CLM-01,0901R0410826V700786,Taufik Hidayat,0001500002514,RSU Bakti Mulia,0901R041,Agustus 2026,8,1658400
VA-CLM-02,0901R0140826V700917,Mira Kurniawati,0001500002933,RS Melati Sehat,0901R014,Agustus 2026,8,1658400
VA-CLM-03,0901R0270826V701048,Suharto Prabowo,0001500003352,RS Cipta Medika,0901R027,Agustus 2026,8,1658400
VA-CLM-04,0901R0410826V701179,Anisa Rahma,0001500003771,RSU Bakti Mulia,0901R041,Agustus 2026,8,1658400
VA-CLM-05,0901R0140826V701310,Yusuf Aditya,0001500004190,RS Melati Sehat,0901R014,Agustus 2026,8,1658400
VA-CLM-06,0901R0270826V701441,Rika Sulastri,0001500004609,RS Cipta Medika,0901R027,Agustus 2026,8,1658400
VA-CLM-07,0901R0410826V701572,Hendra Gunawan,0001500005028,RSU Bakti Mulia,0901R041,Agustus 2026,8,1658400
VA-CLM-08,0901R0140826V701703,Putri Melati,0001500005447,RS Melati Sehat,0901R014,Agustus 2026,8,1658400
VA-DUP-01,0901R0140826V701834,Wahyu Setiawan,0001500005866,RS Melati Sehat,0901R014,Agustus 2026,8,1658400
VA-DUP-02,0901R0270826V701965,Nina Kartika,0001500006285,RS Cipta Medika,0901R027,Agustus 2026,6,1243800
VA-DUP-03,0901R0410826V702096,Bayu Pamungkas,0001500006704,RSU Bakti Mulia,0901R041,Agustus 2026,8,1658400
VA-DUP-04,0901R0140826V702227,Sari Oktaviani,0001500007123,RS Melati Sehat,0901R014,Agustus 2026,8,1658400
VA-DUP-05,0901R0140826V702358,Dedi Firmansyah,0001500007542,RS Melati Sehat,0901R014,Agustus 2026,8,1658400
VA-DUP-06,0901R0270826V702489,Ayu Lestari,0001500007961,RS Cipta Medika,0901R027,Agustus 2026,8,1658400
VA-DUP-07,0901R0410826V702620,Ridwan Hakim,0001500008380,RSU Bakti Mulia,0901R041,Agustus 2026,6,1243800
VA-COP-01,0901R0410826V702751,Intan Maharani,0001500008799,RSU Bakti Mulia,0901R041,Agustus 2026,8,1658400
VA-COP-02,0901R0140826V702882,Lukman Haris,0001500009218,RS Melati Sehat,0901R014,Agustus 2026,8,1658400
VA-COP-03,0901R0270826V703013,Wulan Anggraini,0001500009637,RS Cipta Medika,0901R027,Agustus 2026,8,1658400
VA-COP-04,0901R0410826V703144,Fikri Ramadhan,0001500010056,RSU Bakti Mulia,0901R041,Agustus 2026,8,1658400
VA-COP-05,0901R0140826V703275,Yuni Astuti,0001500010475,RS Melati Sehat,0901R014,Agustus 2026,6,1243800
VA-COP-06,0901R0270826V703406,Darmawan Putra,0001500010894,RS Cipta Medika,0901R027,Agustus 2026,8,1658400
VA-XDC-01,0901R0410826V703537,Fitri Amelia,0001500011313,RSU Bakti Mulia,0901R041,Agustus 2026,8,1658400
VA-XDC-02,0901R0140826V703668,Adnan Prasetyo,0001500011732,RS Melati Sehat,0901R014,Agustus 2026,8,1658400
VA-XDC-03,0901R0270826V703799,Ratih Cahyani,0001500012151,RS Cipta Medika,0901R027,Agustus 2026,8,1658400
VA-XDC-04,0901R0410826V703930,Irfan Nugraha,0001500012570,RSU Bakti Mulia,0901R041,Agustus 2026,6,1243800
VA-XDC-05,0901R0140826V704061,Siska Andriani,0001500012989,RS Melati Sehat,0901R014,Agustus 2026,8,1658400
VA-XDC-06,0901R0270826V704192,Aditia Kusuma,0001500013408,RS Cipta Medika,0901R027,Agustus 2026,8,1658400
VA-EDT-01,0901R0410826V704323,Nur Aini,0001500013827,RSU Bakti Mulia,0901R041,Agustus 2026,8,1658400
VA-EDT-02,0901R0140826V704454,Rangga Mahendra,0001500014246,RS Melati Sehat,0901R014,Agustus 2026,8,1658400
VA-EDT-03,0901R0270826V704585,Hani Pertiwi,0001500014665,RS Cipta Medika,0901R027,Agustus 2026,8,1658400
VA-EDT-04,0901R0410826V704716,Dimas Ardiansyah,0001500015084,RSU Bakti Mulia,0901R041,Agustus 2026,8,1658400
VA-EDT-05,0901R0140826V704847,Maya Safitri,0001500015503,RS Melati Sehat,0901R014,Agustus 2026,8,1658400
VA-EDT-06,0901R0270826V704978,Bagas Wicaksono,0001500015922,RS Cipta Medika,0901R027,Agustus 2026,8,1658400
VA-SYN-01,0901R0410826V705109,Niken Pratiwi,0001500016341,RSU Bakti Mulia,0901R041,Agustus 2026,8,1658400
VA-SYN-02,0901R0140826V705240,Rizal Fadilah,0001500016760,RS Melati Sehat,0901R014,Agustus 2026,6,1243800
VA-SYN-03,0901R0270826V705371,Citra Dewi,0001500017179,RS Cipta Medika,0901R027,Agustus 2026,8,1658400
VA-SYN-04,0901R0410826V705502,Suryo Wibowo,0001500017598,RSU Bakti Mulia,0901R041,Agustus 2026,8,1658400
VA-SCN-01,0901R0140826V705633,Dina Kurniasih,0001500018017,RS Melati Sehat,0901R014,Agustus 2026,8,1658400
